
-- Drop all the tables to clean up
DROP TABLE Handles;
DROP TABLE Animal;
DROP TABLE ZooKeeper;

CREATE TABLE ZooKeeper
(
  ZID        NUMBER(3,0),
  ZName       VARCHAR2(25) NOT NULL,
  HourlyRate NUMBER(6, 2) NOT NULL,
  
  CONSTRAINT ZooKeeper_PK
     PRIMARY KEY(ZID)
);


-- ACategory: Animal category 'common', 'rare', 'exotic'.  May be NULL
-- TimeToFeed: Time it takes to feed the animal (hours)
CREATE TABLE Animal
(
  AID       NUMBER(3, 0),
  AName      VARCHAR(30) NOT NULL,
  ACategory VARCHAR(18),
  
  TimeToFeed NUMBER(4,2),  
  
  CONSTRAINT Animal_PK
    PRIMARY KEY(AID)
);


CREATE TABLE Handles
(
  ZooKeepID      NUMBER(3,0),
  AnimalID     NUMBER(3,0),
  
  Assigned     DATE,
  
  CONSTRAINT Handles_PK
    PRIMARY KEY(ZooKeepID, AnimalID),
    
  CONSTRAINT Handles_FK1
    FOREIGN KEY(ZooKeepID)
      REFERENCES ZooKeeper(ZID),
      
  CONSTRAINT Handles_FK2
    FOREIGN KEY(AnimalID)
      REFERENCES Animal(AID)
);


INSERT INTO ZooKeeper VALUES (1, 'Jim Carrey', 500);
INSERT INTO ZooKeeper VALUES (2, 'Tina Fey', 350);  
INSERT INTO ZooKeeper VALUES (3, 'Rob Schneider', 250);
  
INSERT INTO Animal VALUES(1, 'Galapagos Penguin', 'exotic', 0.5);
INSERT INTO Animal VALUES(2, 'Emperor Penguin', 'rare', 0.75);

INSERT INTO Animal VALUES(3, 'Sri Lankan sloth bear', 'exotic', 2.5);
INSERT INTO Animal VALUES(4, 'Grizzly bear', 'common', 3.0);
INSERT INTO Animal VALUES(5, 'Giant Panda bear', 'exotic', 1.5);
INSERT INTO Animal VALUES(6, 'Florida black bear', 'rare', 1.75);

INSERT INTO Animal VALUES(7, 'Siberian tiger', 'rare', 3.5);
INSERT INTO Animal VALUES(8, 'Bengal tiger', 'common', 2.75);
INSERT INTO Animal VALUES(9, 'South China tiger', 'exotic', 2.25);

INSERT INTO Animal VALUES(10, 'Alpaca', 'common', 0.25);
INSERT INTO Animal VALUES(11, 'Llama', NULL, 3.5);



INSERT INTO Handles VALUES(1, 1, '01-Jan-2000');
INSERT INTO Handles VALUES(1, 2, '02-Jan-2000');
INSERT INTO Handles VALUES(1, 10, '01-Jan-2000');

INSERT INTO Handles VALUES(2, 3, '02-Jan-2000');
INSERT INTO Handles VALUES(2, 4, '04-Jan-2000');
INSERT INTO Handles VALUES(2, 5, '03-Jan-2000');

INSERT INTO Handles VALUES(3, 7, '01-Jan-2000');
INSERT INTO Handles VALUES(3, 8, '03-Jan-2000');
INSERT INTO Handles VALUES(3, 9, '05-Jan-2000');
INSERT INTO Handles Values(3, 10,'04-Jan-2000');

Select * From ANIMAL where acategory = 'rare' Order by timetofeed;

Select aname, acategory FROM Animal where aname like '%bear%';

Select aname, acategory FROM Animal where aname like '%tiger%' and acategory = 'common'; 

Select aname FROM Animal where aname Not like '%tiger%';

Select aname, zookeepid From animal, handles where animal.aid = handles.animalid;

Select aname, zookeepid From animal LEFT OUTER JOIN handles
ON animal.aid = handles.animalid;

Select zookeeper.zname, MAX(animal.timetofeed) As Maximum_Feeding_Time
FROM animal
Join handles ON animal.aid = handles.animalid
Join zookeeper ON handles.zookeepid = zookeeper.zid
GROUP BY zookeeper.zname;

Select handles.assigned.zookeeper.zname.animal.aname from animal.handles.zookeeper
Where zookeeper.zid = handles.zookeepid and handles.animalid = animal.aid
ORDER BY TO_DATE(assigned);

Select zookeeper.zname, animal.aname, handles.assigned from animal 
Join handles ON animal.aid = handles.animalid 
Join zookeeper ON handles.zookeepid = zookeeper.zid
ORDER BY TO_DATE(assigned);